LigandID,canonical_smiles,class
CHEMBL4794117,C=C1c2cc3c(cc2OC1(F)F)[C@@H](NC(C)=O)CCc1cc(OC)c(OC)c(OC)c1-3,1
CHEMBL4800456,C=C1COc2cc3c(cc21)-c1c(cc(OC)c(OC)c1OC)CC[C@@H]3NC(C)=O,1
CHEMBL4753994,COc1cc2c(c(OC)c1OC)-c1cc3c(C)coc3cc1[C@@H](NC(C)=O)CC2,1
CHEMBL4797732,C/C=C/C=C/C(=O)OCC(=O)N[C@H]1CCc2cc(OC)c(OC)c(OC)c2-c2cc3cc(COC(C)=O)oc3cc21,1
CHEMBL4743585,C/C=C/C=C/C(=O)OCC(=O)N[C@H]1CCc2cc(OC)c(OC)c(OC)c2-c2ccc(C(=O)OC)cc21,1
CHEMBL4761555,COC(=O)c1ccc2c(c1)[C@@H](NC(=O)COC(=O)C=C(C)C)CCc1cc(OC)c(OC)c(OC)c1-2,1
CHEMBL4744305,C/C=C/C(=O)OCC(=O)N[C@H]1CCc2cc(OC)c(OC)c(OC)c2-c2ccc(C(=O)OC)cc21,1
CHEMBL4761915,C=C1COc2cc3c(cc21)-c1c(cc(OC)c(OC)c1OC)CC[C@@H]3NC(=O)CO,1
CHEMBL4798577,C/C=C/C=C/C(=O)NCC(=O)N[C@H]1CCc2cc(OC)c(OC)c(OC)c2-c2ccc(C(=O)OC)cc21,1
CHEMBL4790387,C/C=C1/COc2cc3c(cc21)-c1c(cc(OC)c(OC)c1OC)CC[C@@H]3NC(C)=O,1
CHEMBL4070492,COc1cc2c(c(OC)c1OC)-c1cc3cc(CO)oc3cc1C(O)CC2,1
CHEMBL4786968,COC(=O)c1ccc2c(c1)[C@@H](NC(=O)COC(=O)/C=C/C(F)(F)F)CCc1cc(OC)c(OC)c(OC)c1-2,1
CHEMBL4749586,COC(=O)c1ccc2c(c1)[C@@H](NC(=O)CO)CCc1cc(OC)c(OC)c(OC)c1-2,1
CHEMBL4789567,COC(=O)c1ccc2c(c1)[C@@H](NC(=O)COC(=O)CC(C)SC[C@@H](NC(C)=O)C(=O)OC)CCc1cc(OC)c(OC)c(OC)c1-2,1
CHEMBL4100071,COc1cc2c(c(OC)c1OC)-c1cc3cc(CO)oc3cc1C(=O)CC2,1
CHEMBL4794634,COC(=O)c1ccc2c(c1)[C@@H](NC(=O)CNC(=O)C=C(C)C)CCc1cc(OC)c(OC)c(OC)c1-2,1
CHEMBL4763029,COC(=O)c1ccc2c(c1)[C@@H](NC(=O)CNC(=O)/C=C/C(F)(F)F)CCc1cc(OC)c(OC)c(OC)c1-2,1
CHEMBL4741408,C=CC(=O)OCC(=O)N[C@H]1CCc2cc(OC)c(OC)c(OC)c2-c2ccc(C(=O)OC)cc21,1
CHEMBL2205254,COc1cc(/C=C\c2cc3ccccc3s2)cc(OC)c1OC,1
CHEMBL3633641,CCCCCCCCCCCCNC(=O)CC1c2cccc(O)c2C(=O)c2c(O)cccc21,1
CHEMBL4740897,C=CC(=O)NCC(=O)N[C@H]1CCc2cc(OC)c(OC)c(OC)c2-c2ccc(C(=O)OC)cc21,1
CHEMBL4759719,C/C=C/C(=O)NCC(=O)N[C@H]1CCc2cc(OC)c(OC)c(OC)c2-c2ccc(C(=O)OC)cc21,1
CHEMBL4067957,Cc1nnc(-c2cc3c(s2)C(=O)c2ccccc2C3=O)o1,1
CHEMBL4794828,CC/C=C1/COc2cc3c(cc21)-c1c(cc(OC)c(OC)c1OC)CC[C@@H]3NC(C)=O,1
CHEMBL4095356,CCc1nnc(-c2cc3c(s2)C(=O)c2ccccc2C3=O)o1,1
CHEMBL2437042,CCC(CC)(c1ccc(OCC(O)C(C)(C)C)c(C)c1)c1ccc(C(=O)N[C@H](CO)CCO)n1C,1
CHEMBL4087663,O=C1c2ccccc2C(=O)c2sc(-c3nnco3)cc21,1
CHEMBL4163989,COc1cc(-c2ocnc2-c2cc(Br)c(OC)c(OC)c2)ccc1SC,1
CHEMBL4071894,O=C1c2ccccc2C(=O)c2sc(-c3nncs3)cc21,1
CHEMBL4161446,COc1ccc(-c2ocnc2-c2cc(OC)c(SC)c(OC)c2)cc1O,1
CHEMBL3633636,CCOC(=O)CC1c2cccc(O)c2C(=O)c2c(O)cccc21,1
CHEMBL4086687,CCc1noc(-c2cc3c(s2)C(=O)c2ccccc2C3=O)n1,1
CHEMBL4755840,COc1cc2c(c(OC)c1OC)-c1cc3c(cc1[C@@H](NC(C)=O)CC2)OCC3=C(C)C,1
CHEMBL4759452,C/C=C/C=C/C(=O)NCC(=O)N[C@H]1CCc2cc(OC)c(OC)c(OC)c2-c2cc3cc(CO)oc3cc21,1
CHEMBL4782566,CCCCCCCCCCCCCCCC(=O)OCC(COP(=O)([O-])OCC[N+](C)(C)C)OC(=O)CCCCCCCCCc1n[nH]c(CC(=O)OCC(=O)N[C@H]2CCc3cc(OC)c(OC)c(OC)c3-c3ccc(C(=O)OC)cc32)n1,1
CHEMBL4169370,COc1cc(-c2ocnc2-c2cc(OC)c(OC)c(OC)c2)ccc1SC,1
CHEMBL93347,CC(=O)c1cc2c(s1)C(=O)c1ccccc1C2=O,1
CHEMBL4066802,N#Cc1cc2c(s1)C(=O)c1ccccc1C2=O,1
CHEMBL4166523,COc1ccc(-c2c(-c3cc(OC)c(SC)c(OC)c3)ncn2C)cc1O,1
CHEMBL4159306,COc1ccc(-c2ocnc2-c2cc(Br)c(OC)c(OC)c2)cc1SC,1
CHEMBL3633645,COc1ccc(C(NC(=O)CC2c3cccc(O)c3C(=O)c3c(O)cccc32)c2ccc(OC)cc2)cc1,1
CHEMBL4065247,CCc1nc(-c2cc3c(s2)C(=O)c2ccccc2C3=O)no1,1
CHEMBL4070840,COC(=O)c1cc2c(s1)C(=O)c1ccccc1C2=O,1
CHEMBL4785493,COC(=O)Cc1coc2cc3c(cc12)-c1c(cc(OC)c(OC)c1OC)CC[C@@H]3NC(C)=O,1
CHEMBL4577957,COc1ccc(C(C(=O)NC(C)(C)C)N(C(=O)/C=C/C(=O)c2ccc(C)cc2)C(C)C)cc1,1
CHEMBL15192,CC1(C)CCC2=C(O1)c1ccccc1C(=O)C2=O,1
CHEMBL4589636,COc1cc(C(C(=O)NC(C)(C)C)N(CCC(C)C)C(=O)/C=C/C(=O)c2ccc(F)cc2)cc(OC)c1OC,1
CHEMBL4562297,CC(C)(C)NC(=O)C(c1ccc(F)cc1)N(C(=O)/C=C/C(=O)c1ccc(F)cc1)C1CC1,1
CHEMBL4067826,O=C1c2ccccc2C(=O)c2c([N+](=O)[O-])csc21,1
CHEMBL4081447,COc1ccc(C(=O)Nc2cc3c(s2)C(=O)c2ccccc2C3=O)cc1,1
CHEMBL4103794,O=Cc1cc2c(s1)C(=O)c1ccccc1C2=O,1
CHEMBL2437045,CCn1c(C(=O)N[C@H](CO)CCO)ccc1C(CC)(CC)c1ccc(OCC(O)C(C)(C)C)c(C)c1,1
CHEMBL4165938,COc1ccc(-c2ocnc2-c2cc(OC)c(OC)c(OC)c2)cc1S,1
CHEMBL4451049,COc1ccccc1C(C(=O)NC1CCCCC1)N(C(=O)/C=C/C(=O)c1ccc(C)cc1)C1CCCCC1,1
CHEMBL4085869,NNC(=O)c1cc2c(s1)C(=O)c1ccccc1C2=O,1
CHEMBL60786,O=C1c2ccccc2C(=O)c2sc([N+](=O)[O-])cc21,1
CHEMBL3633637,O=C(O)CC1c2cccc(O)c2C(=O)c2c(O)cccc21,1
CHEMBL4090093,CCCCc1nnc(-c2cc3c(s2)C(=O)c2ccccc2C3=O)o1,1
CHEMBL2434990,CCn1c(C(=O)N[C@@H](C)CO)ccc1C(CC)(CC)c1ccc(OCC(O)C(C)(C)C)c(C)c1,1
CHEMBL4752321,CC(C)(C)c1ccc(S(=O)(=O)N2CCN(C(=O)c3cn(Cc4ccc(I)cc4)nn3)CC2)cc1,1
CHEMBL2437043,CCn1c(C(=O)NCCO)ccc1C(CC)(CC)c1ccc(OCC(O)C(C)(C)C)c(C)c1,1
CHEMBL4785310,O=C(c1cn(Cc2ccc(I)cc2)nn1)N1CCN(S(=O)(=O)c2ccc(Cl)cc2)CC1,1
CHEMBL4079647,O=C(Nc1cc2c(s1)C(=O)c1ccccc1C2=O)c1ccccc1,1
CHEMBL4756332,O=C(c1cn(Cc2ccc(I)cc2)nn1)N1CCN(S(=O)(=O)c2ccc(Br)cc2)CC1,1
CHEMBL4760033,COc1ccc(S(=O)(=O)N2CCN(C(=O)c3cn(Cc4cccc(Oc5ccccc5)c4)nn3)CC2)cc1,1
CHEMBL3809045,S=C=Nc1ccc2ncnc(Nc3cccc(Br)c3)c2c1,1
CHEMBL4780045,O=C(c1cn(Cc2cccc(Oc3ccccc3)c2)nn1)N1CCN(S(=O)(=O)c2ccc(Cl)cc2)CC1,1
CHEMBL465843,COc1cc(/C=C/C(=O)N2CCC=CC2=O)cc(OC)c1OC,1
CHEMBL1257317,COc1cc(/C=C2\CNC/C(=C\c3ccc(O)c(OC)c3)C2=O)ccc1O,1
CHEMBL4105390,CC(C)C(=O)Nc1cc2c(s1)C(=O)c1ccccc1C2=O,1
CHEMBL4092671,Cc1nnc(-c2cc3c(s2)C(=O)c2ccccc2C3=O)s1,1
CHEMBL1075971,COC(=O)[C@@]12Oc3ccc(-c4ccc5c(c4O)C(O)C4=C(O)C[C@H](C)[C@@H](O)[C@]4(C(=O)OC)O5)c(O)c3C(=O)C1=C(O)C[C@H](C)[C@H]2O,1
CHEMBL4762039,O=C(c1cn(Cc2cccc(Oc3ccccc3)c2)nn1)N1CCN(S(=O)(=O)c2ccc(Br)cc2)CC1,1
CHEMBL4084249,COc1ccc(-c2nnc(Cc3nc4ccccc4[nH]3)o2)cc1,1
CHEMBL1981072,COC(=O)/C=C/C1(O)C=CC(=O)C=C1,1
CHEMBL1079485,COc1c(Cl)c(C)c2c(c1Cl)OC(=O)c1c(cc(O)c(Cl)c1C)O2,1
CHEMBL4776448,COc1cc2c(c(OC)c1OC)-c1cc3c(cc1[C@@H](NC(C)=O)CC2)OC/C3=C\c1ccccc1,1
CHEMBL4761812,CC(C)(C)c1ccc(S(=O)(=O)N2CCN(C(=O)c3cn(Cc4cccc(Oc5ccccc5)c4)nn3)CC2)cc1,1
CHEMBL4749944,COc1cc2c(c(OC)c1OC)-c1cc3c(cc1[C@@H](NC(C)=O)CC2)OC/C3=C(\C)CCC=C(C)C,1
CHEMBL4129852,Cc1cc(S(=O)(=O)/N=C(\N)N/N=C/C#Cc2ccccc2)c(SCc2ccc(Cl)cc2)cc1Cl,1
CHEMBL4128636,Cc1cc(S(=O)(=O)/N=C(\N)N/N=C/C#Cc2ccccc2)c(SCc2cccc3ccccc23)cc1Cl,1
CHEMBL4078694,Cc1cc2c(s1)C(=O)c1ccccc1C2=O,1
CHEMBL3633640,CCCCNC(=O)CC1c2cccc(O)c2C(=O)c2c(O)cccc21,1
CHEMBL4452177,Cc1ccc(C(=O)/C=C/C(=O)N(C2CC2)C(C(=O)NCc2ccccc2)c2ncc(C)cn2)cc1,1
CHEMBL4087524,CCCC(=O)Nc1cc2c(s1)C(=O)c1ccccc1C2=O,1
CHEMBL1081411,COc1cc2c(c(C)c1Cl)Oc1cc(OC)c(Cl)c(C)c1C(=O)O2,1
CHEMBL4090554,CCc1noc(C=C2c3ccccc3C(=O)c3ccccc32)n1,1
CHEMBL4096981,CCc1noc(-c2cc3c(OC)c4ccccc4c(OC)c3s2)n1,1
CHEMBL4059857,CCc1noc(-c2cc3c(s2)Cc2ccccc2C3=O)n1,1
CHEMBL4459518,CN(CCOC(=O)/C=C/C(=O)c1ccc(F)cc1)C(C(=O)NC(C)(C)C)c1ccc(F)cc1,1
CHEMBL4465357,COc1ccccc1-c1nc2c(C=O)c(O)ccc2o1,1
CHEMBL3344329,COc1cc(/C=C/C(=O)N2C(=O)C=CCC2/C=C/c2ccccc2)cc(OC)c1OC,1
CHEMBL4528961,CC(=O)c1c(O)ccc2oc(-c3ccccc3C)nc12,1
CHEMBL4128210,Cc1cccc(CSc2cc(Cl)c(C)cc2S(=O)(=O)/N=C(\N)N/N=C/C#Cc2ccccc2)c1,1
CHEMBL475258,COc1ccc(CSCCN(CCSCc2ccc(OC)cc2)CC(=O)Nc2c[nH]c(=O)[nH]c2=O)cc1,1
CHEMBL3804852,COc1ccc(-c2nn(-c3ccccc3)cc2C(=O)/C=C\Nc2ccc(F)cc2)cc1,1
CHEMBL4173187,COc1cc(/C=C\c2cccc(OC)c2SC)cc(OC)c1OC,1
CHEMBL4103370,Clc1ccc(-c2nnc(Cc3nc4ccccc4[nH]3)o2)cc1,1
CHEMBL4083138,CCC(=O)Nc1cc2c(s1)C(=O)c1ccccc1C2=O,1
CHEMBL17329,COC(=O)/C=C/c1cc(O)ccc1O,1
CHEMBL2437025,CCC(CC)(c1ccc(OCC(O)C(C)(C)C)c(C)c1)c1ccc(C(=O)NCC(=O)O)n1C,1
CHEMBL4174601,Cc1cc(S(=O)(=O)/N=C(\N)n2nccc2-c2ccccc2)c(SCc2cccc(Cl)c2)cc1Cl,1
CHEMBL3633644,COc1ccc(CNC(=O)CC2c3cccc(O)c3C(=O)c3c(O)cccc32)c(OC)c1,1
CHEMBL1079645,COc1c(Cl)c(C)c2c(c1Cl)OC(=O)c1c(C)c(Cl)c(O)c(Cl)c1O2,1
CHEMBL3823367,CNC1=CC(=O)C=C(C(C)(C)C)C1=O,1
CHEMBL4169946,COc1ccc(-c2ocnc2-c2cc(Br)c(OC)c(OC)c2)cc1OC,1
CHEMBL4569363,CCCCCCCCCCCCCC[C@@H](OP(=O)(O)O)[C@@H](O)CC[C@@H](O)[C@@H](O)CC[C@@H](O)CCCCCCC(=O)NCC(=O)O,1
CHEMBL4483388,CCCCCCCCCCCCCC[C@@H](OP(=O)(O)O)[C@@H](O)CCCO,1
CHEMBL1079644,COC(=O)c1c(Oc2c(C)c(Cl)c(OC)c(Cl)c2O)cc(OC)c(Cl)c1C,1
CHEMBL2012335,CC(C(=O)NNC(=O)NC(c1ccccc1)c1ccccc1)c1cccc(Oc2ccccc2)c1,1
CHEMBL4570623,COC1=CC(=O)c2c(O)c3c(c(O)c2C1=O)[C@@H]1O[C@@H](C)C[C@@H]1OC3=O,1
CHEMBL4160289,Cc1cccc(CSc2cc(Cl)c(C)cc2S(=O)(=O)/N=C(\N)n2nccc2-c2ccccc2)c1,1
CHEMBL470649,COC(=O)c1c(C)cc(O)c(C=O)c1O,1
CHEMBL4754158,CC(c1ccc(N2CCN(C)CC2)cc1)c1ccc2c(c1)Nc1ccccc1S2,1
CHEMBL1075999,COC(=O)[C@@]12Oc3ccc(-c4ccc5c(c4O)C(=O)C4=C(O)C[C@H](C)[C@H](O)[C@]4(C(=O)OC)O5)c(O)c3C(=O)C1=C(O)C[C@H](C)[C@@H]2O,1
CHEMBL4589821,O=C(O)CNC(=O)CCCCCC[C@H](O)CCCO,1
CHEMBL4167528,Cc1cc(-c2ccccc2)n(/C(N)=N/S(=O)(=O)c2cc(C)c(Cl)cc2SCc2ccccc2)n1,1
CHEMBL4435217,O=Cc1c(O)ccc2oc(-c3cccc4ccccc34)nc12,0
CHEMBL4175660,Cc1cc(-c2ccccc2)n(/C(N)=N/S(=O)(=O)c2cc(C)c(Cl)cc2SCc2ccc(Cl)cc2)n1,0
CHEMBL3823559,CCCCNC1=CC(=O)C=C(C(C)(C)C)C1=O,0
CHEMBL4167792,Cc1cc(S(=O)(=O)/N=C(\N)n2nccc2-c2ccccc2)c(SCc2cccc3ccccc23)cc1Cl,0
CHEMBL4089650,CCc1noc(-c2cc3c(s2)C(=O)C=CC3=O)n1,0
CHEMBL2012341,CC(C(=O)NNC(=O)NC(c1ccccc1)c1ccccc1)c1cccc(Cc2ccccc2)c1,0
CHEMBL4439841,O=Cc1c(O)ccc2oc(-c3ccccc3Cl)nc12,0
CHEMBL4171157,Cc1cc(S(=O)(=O)/N=C(\N)n2nccc2-c2ccccc2)c(SCc2ccc(Cl)cc2)cc1Cl,0
CHEMBL2012338,CC(C(=O)NNC(=O)NCC1CCCCC1)c1cccc(Cc2ccccc2)c1,0
CHEMBL4172242,Cc1cc(-c2ccccc2)n(/C(N)=N/S(=O)(=O)c2cc(C)c(Cl)cc2SCc2cccc3ccccc23)n1,0
CHEMBL4452742,Cc1ccccc1-c1nc2c(C=O)c(O)ccc2o1,0
CHEMBL4066118,c1ccc2c(Cc3nnc(Cc4nc5ccccc5[nH]4)o3)cccc2c1,0
CHEMBL2012329,CC(C)Cc1ccc(C(C)C(=O)NNC(=O)NC(c2ccccc2)c2ccccc2)cc1,0
CHEMBL4162502,COc1cc(/C=C\c2ccccc2SC)cc(OC)c1OC,0
CHEMBL4062198,CCc1noc(-c2ccc3c(c2)C(=O)C=CC3=O)n1,0
CHEMBL4588490,COC1=CC(=O)c2c(O)c3c(c(O)c2C1=O)C[C@H](C)OC3=O,0
CHEMBL52765,Nc1ccc2ncnc(Nc3cccc(Br)c3)c2c1,0
CHEMBL4082391,CCc1nnc(-c2cc3c(s2)C(=O)c2ccccc2C3=O)s1,0
CHEMBL2012334,CC(C(=O)NNC(=O)NCCc1ccccc1)c1cccc(Oc2ccccc2)c1,0
CHEMBL1255829,CCOc1cc(/C=C2\CN(C(=O)CCC(=O)NCCCNCCCN)C/C(=C\c3ccc(O)c(OCC)c3)C2=O)ccc1O,0
CHEMBL1255826,COc1cc(/C=C2\CN(C(=O)CCC(=O)NCCCNCCCCNCCCN)C/C(=C\c3ccc(O)c(OC)c3)C2=O)ccc1O,0
CHEMBL4128319,Cc1cc(S(=O)(=O)/N=C(\N)N/N=C/C#Cc2ccccc2)c(SCc2cccc(C(F)(F)F)c2)cc1Cl,0
CHEMBL4060676,NS(=O)(=O)c1cc(-c2nnc(/C=C/c3cccc(Cl)c3)o2)c(Cl)cc1SCc1ccccc1,0
CHEMBL1255827,CCOc1cc(/C=C2\CN(C(=O)CCC(=O)NCCCNCCCCNCCCN)C/C(=C\c3ccc(O)c(OCC)c3)C2=O)ccc1O,0
CHEMBL3822613,CCCCNC1=CC(=O)C=C(C[C@]2(C)[C@@H](C)CC[C@]3(C)C(C)=CCC[C@@H]23)C1=O,0
CHEMBL2012340,CC(C(=O)NNC(=O)NCCc1ccccc1)c1cccc(Cc2ccccc2)c1,0
CHEMBL4128488,C/C(C#Cc1ccccc1)=N\N/C(N)=N/S(=O)(=O)c1cc(C)c(Cl)cc1SCc1ccc(Cl)cc1,0
CHEMBL2437041,CCC(CC)(c1ccc(OCC(O)C(C)(C)C)c(C)c1)c1ccc(C(=O)N[C@@H](C)CO)n1C,0
CHEMBL3805533,O=C(/C=C\Nc1ccc(O)cc1)c1cn(-c2ccccc2)nc1-c1ccc(F)cc1,0
CHEMBL3810177,O=C(CCCN=C=S)Nc1ccc2ncnc(Nc3cccc(Br)c3)c2c1,0
CHEMBL3810326,O=C(CCCCCN=C=S)Nc1ccc2ncnc(Nc3cccc(Br)c3)c2c1,0
CHEMBL4174645,COc1cc(-c2ncoc2-c2cc(Br)c(SC)c(OC)c2)cc(OC)c1OC,0
CHEMBL4126966,Cc1cc(S(=O)(=O)/N=C(\N)N/N=C/C#Cc2ccccc2)c(SCc2ccccc2C)cc1Cl,0
CHEMBL4129301,Cc1cc(S(=O)(=O)/N=C(\N)N/N=C/C#Cc2ccccc2)c(SCc2cccc(Cl)c2)cc1Cl,0
CHEMBL3823456,CCCCCCCCNC1=CC(=O)C=C(C[C@]2(C)[C@@H](C)CC[C@]3(C)C(C)=CCC[C@@H]23)C1=O,0
CHEMBL3808664,O=C(CCCCCCN=C=S)Nc1ccc2ncnc(Nc3cccc(Br)c3)c2c1,0
CHEMBL1255828,COc1cc(/C=C2\CN(C(=O)CCC(=O)NCCCNCCCN)C/C(=C\c3ccc(O)c(OC)c3)C2=O)ccc1O,0
CHEMBL4437948,O=Cc1c(O)ccc2oc(-c3cccc(Cl)c3)nc12,0
CHEMBL4525564,COc1cc(OC)cc(-c2nc3c(C=O)c(O)ccc3o2)c1,0
CHEMBL3805190,COc1cc(-c2nn(-c3ccccc3)cc2C(=O)/C=C\Nc2ccc(O)cc2)cc(OC)c1OC,0
CHEMBL4170039,Cc1cc(-c2ccccc2)n(/C(N)=N/S(=O)(=O)c2cc(C)c(Cl)cc2SCc2ccc(C(F)(F)F)cc2)n1,0
CHEMBL4171952,Cc1cc(S(=O)(=O)/N=C(\N)n2nccc2-c2ccccc2)c(SCc2ccccc2)cc1Cl,0
CHEMBL3809481,O=C(CCCCN=C=S)Nc1ccc2ncnc(Nc3cccc(Br)c3)c2c1,0
CHEMBL4126254,C/C(C#Cc1ccccc1)=N\N/C(N)=N/S(=O)(=O)c1cc(C)c(Cl)cc1SCc1ccccc1C(F)(F)F,0
CHEMBL4175391,Cc1cc(S(=O)(=O)/N=C(\N)n2nccc2-c2ccccc2)c(SCc2ccccc2C)cc1Cl,0
CHEMBL4160560,Cc1cc(-c2ccccc2)n(/C(N)=N/S(=O)(=O)c2cc(C)c(Cl)cc2SCc2cccc(Cl)c2)n1,0
CHEMBL2012330,CC(C(=O)NNC(=O)NC1CCCC1)c1cccc(Oc2ccccc2)c1,0
CHEMBL4161320,Cc1cc(S(=O)(=O)/N=C(\N)n2nccc2-c2ccccc2)c(SCc2cccc(C(F)(F)F)c2)cc1Cl,0
CHEMBL2012331,CC(C(=O)NNC(=O)NC1CCCCC1)c1cccc(Oc2ccccc2)c1,0
CHEMBL4164739,Cc1cc(S(=O)(=O)/N=C(\N)n2nccc2-c2ccccc2)c(SCc2ccc(C(F)(F)F)cc2)cc1Cl,0
CHEMBL3808661,O=C(CCN=C=S)Nc1ccc2ncnc(Nc3cccc(Br)c3)c2c1,0
CHEMBL3805804,COc1ccc(N/C=C\C(=O)c2cn(-c3ccccc3)nc2-c2ccc(F)cc2)cc1,0
CHEMBL4083493,Clc1ccc2nc(Cc3nnc(-c4ccccc4Cl)o3)[nH]c2c1,0
CHEMBL4064707,NS(=O)(=O)c1cc(-c2nnc(/C=C/c3ccccc3)o2)c(Cl)cc1SCc1ccccc1,0
CHEMBL4575888,O=Cc1c(O)ccc2oc(-c3ccccc3[N+](=O)[O-])nc12,0
CHEMBL4127649,Cc1cc(S(=O)(=O)/N=C(\N)N/N=C/C#Cc2ccccc2)c(SCc2cc3c(cc2Cl)OCO3)cc1Cl,0
CHEMBL2012332,CC(C(=O)NNC(=O)NCC1CCCCC1)c1cccc(Oc2ccccc2)c1,0
CHEMBL4159114,COc1cc(/C(=C\c2ccccc2SC)C(=O)O)cc(OC)c1OC,0
CHEMBL4169763,COc1cc(/C(=C\c2cccc(OC)c2SC)C(=O)O)cc(OC)c1OC,0
CHEMBL4176429,Cc1cc(S(=O)(=O)/N=C(\N)n2nccc2-c2ccccc2)c(SCc2ccccc2C(F)(F)F)cc1Cl,0
CHEMBL4173047,Cc1ccc(CSc2cc(Cl)c(C)cc2S(=O)(=O)/N=C(\N)n2nccc2-c2ccccc2)cc1,0
CHEMBL4171002,COc1cc(-c2ncn(C)c2-c2cc(Br)c(SC)c(OC)c2)cc(OC)c1OC,0
CHEMBL4163086,COc1cc(-c2c(-c3cc(Br)c(OC)c(OC)c3)ncn2C)ccc1SC,0
CHEMBL4159415,Cc1cc(S(=O)(=O)/N=C(\N)n2nccc2-c2ccccc2)c(SCc2ccccc2Cl)cc1Cl,0
CHEMBL4176555,COc1cc(-c2ncoc2-c2ccccc2SC)cc(OC)c1OC,0
CHEMBL4174436,COc1cc(-c2ncn(C)c2-c2ccccc2SC)cc(OC)c1OC,0
CHEMBL4167626,COc1ccc(-c2c(-c3cc(Br)c(OC)c(OC)c3)ncn2C)cc1SC,0
CHEMBL3805083,COc1ccc(-c2nn(-c3ccccc3)cc2C(=O)/C=C\Nc2ccc(Cl)cc2)cc1,0
CHEMBL3823611,CC(C)(C)C1=CC(=O)C=C(NCc2ccccc2)C1=O,0
CHEMBL3805065,COc1cc(N/C=C\C(=O)c2cn(-c3ccccc3)nc2-c2cc(OC)c(OC)c(OC)c2)cc(OC)c1OC,0
CHEMBL3805698,O=C(/C=C\Nc1ccc(Cl)cc1)c1cn(-c2ccccc2)nc1-c1ccc(F)cc1,0
CHEMBL3613551,COc1ccc(-c2nn(-c3ccccc3)cc2-c2nc3cc(C)c(C)cc3[nH]2)cc1,0
CHEMBL3613527,Fc1ccc(-c2nn(-c3ccccc3)cc2-c2nc3cc(Br)ccc3[nH]2)cc1,0
CHEMBL116438,COc1cc(/C=C/C(=O)/C=C(O)/C=C/c2ccc(O)c(OC)c2)ccc1O,0
CHEMBL3805721,O=C(/C=C\Nc1ccc(O)cc1)c1cn(-c2ccccc2)nc1-c1ccc(Cl)cc1,0
CHEMBL4129553,Cc1cc(S(=O)(=O)/N=C(\N)N/N=C/C#Cc2ccccc2)c(SCc2ccccc2C(F)(F)F)cc1Cl,0
CHEMBL3822555,CC(C)(C)C1=CC(=O)C=C(NCCc2ccccc2)C1=O,0
CHEMBL3823949,CC1=CCC[C@H]2[C@](C)(CC3=CC(=O)C=C(NCCc4ccccc4)C3=O)[C@@H](C)CC[C@]12C,0
CHEMBL4079125,Clc1ccc(-c2nnc(Cc3nc4ccccc4[nH]3)o2)c(Cl)c1,0
CHEMBL3805690,O=C(/C=C\Nc1ccc(Cl)cc1)c1cn(-c2ccccc2)nc1-c1ccc(Cl)cc1,0
CHEMBL4084996,Clc1ccc(-c2nnc(Cc3nc4ccc(Cl)cc4[nH]3)o2)cc1,0
CHEMBL2012339,CC(C(=O)NNC(=O)NCc1ccccc1)c1cccc(Cc2ccccc2)c1,0
CHEMBL4094471,Clc1ccccc1-c1nnc(Cc2nc3ccccc3[nH]2)o1,0
CHEMBL2012337,CC(C(=O)NNC(=O)NC1CCCCC1)c1cccc(Cc2ccccc2)c1,0
CHEMBL4125854,Cc1cc(S(=O)(=O)/N=C(\N)N/N=C/C#Cc2ccccc2)c(SCc2ccccc2Cl)cc1Cl,0
CHEMBL3805111,COc1cc(-c2nn(-c3ccccc3)cc2C(=O)/C=C\Nc2ccc(F)cc2)cc(OC)c1OC,0
CHEMBL2012326,CC(C)Cc1ccc(C(C)C(=O)NNC(=O)NCC2CCCCC2)cc1,0
CHEMBL3806140,O=C(/C=C\Nc1ccc(Cl)cc1)c1cn(-c2ccccc2)nc1-c1ccccc1,0
CHEMBL3822650,CNC1=CC(=O)C(C(C)(C)C)=CC1=O,0
CHEMBL3823736,CC(C)(C)C1=CC(=O)C(NCc2ccccc2)=CC1=O,0
CHEMBL2437053,CCC(CC)(c1ccc(OCC(=O)C(C)(C)C)c(C)c1)c1ccc(C(=O)NCCC(=O)OC)n1C,0
CHEMBL464443,O=C1C=CC[C@H](/C=C/c2ccccc2)O1,0
CHEMBL3613522,Clc1cc2nc(-c3cn(-c4ccccc4)nc3-c3ccccc3)[nH]c2cc1Cl,0
CHEMBL4286044,CC(=O)N[C@H]1[C@H](O[C@H]2CC[C@]3(C)[C@H]4CC=C5[C@@H]6CC(C)(C)CC[C@]6(C(=O)OCc6cn(-c7cccc(I)c7)nn6)CC[C@@]5(C)[C@]4(C)CC[C@H]3C2(C)C)O[C@H](CO[C@@H]2OC[C@H](O)[C@H](O)[C@@H]2O)[C@@H](O)[C@@H]1O,0
CHEMBL4062587,CCc1noc(-c2ccc(C(=O)c3ccccc3)s2)n1,0
CHEMBL4086557,O=C(/C=C/c1cc2c(s1)C(=O)c1ccccc1C2=O)c1ccccc1,0
CHEMBL3823537,CCNC1=CC(=O)C=C(C(C)(C)C)C1=O,0
CHEMBL4748307,Cc1ccc(S(=O)(=O)N2CCN(C(=O)c3cn(Cc4ccc(F)cc4)nn3)CC2)cc1,0
CHEMBL4795830,O=C(c1cn(Cc2cccc(Oc3ccccc3)c2)nn1)N1CCN(S(=O)(=O)c2ccccc2)CC1,0
CHEMBL4097944,O=C(O)c1cc2c(s1)C(=O)c1ccccc1C2=O,0
CHEMBL4757392,Cc1ccc(S(=O)(=O)N2CCN(C(=O)c3cn(Cc4ccccc4)nn3)CC2)cc1,0
CHEMBL4749517,COc1ccc(S(=O)(=O)N2CCN(C(=O)c3cn(Cc4ccccc4)nn3)CC2)cc1,0
CHEMBL4082735,CCc1noc(-c2ccc(C(C)=O)cc2)n1,0
CHEMBL4101132,Nc1cc2c(s1)C(=O)c1ccccc1C2=O,0
CHEMBL3823437,CCCCCCCCNC1=CC(=O)C=C(C(C)(C)C)C1=O,0
CHEMBL4753031,Cc1ccc(S(=O)(=O)N2CCN(C(=O)c3cn(Cc4cccc(Oc5ccccc5)c4)nn3)CC2)cc1,0
CHEMBL4786597,CC(C)(C)c1ccc(S(=O)(=O)N2CCN(C(=O)c3cn(Cc4ccc(F)cc4)nn3)CC2)cc1,0
CHEMBL4078713,O=C1c2ccccc2C(=O)c2sc(/C=N/Nc3ccccc3)cc21,0
CHEMBL4778473,O=C(c1cn(Cc2ccccc2)nn1)N1CCN(S(=O)(=O)c2ccccc2)CC1,0
CHEMBL4759416,CC(C)(C)c1ccc(S(=O)(=O)N2CCN(C(=O)c3cn(Cc4ccccc4)nn3)CC2)cc1,0
CHEMBL3805422,COc1cc(-c2nn(-c3ccccc3)cc2C(=O)/C=C\Nc2ccc(Cl)cc2)cc(OC)c1OC,0
CHEMBL4749915,O=C(c1cn(Cc2ccccc2)nn1)N1CCN(S(=O)(=O)c2ccc(Br)cc2)CC1,0
CHEMBL4749409,Cc1ccc(S(=O)(=O)N2CCN(C(=O)c3cn(Cc4ccc(I)cc4)nn3)CC2)cc1,0
CHEMBL4797276,O=C(c1cn(Cc2ccccc2)nn1)N1CCN(S(=O)(=O)c2ccc(Cl)cc2)CC1,0
CHEMBL4071233,CCc1noc(-c2ccc3c(=O)c4ccccc4oc3c2)n1,0
CHEMBL4096737,CN/N=C/c1cc2c(s1)C(=O)c1ccccc1C2=O,0
CHEMBL4079736,CCc1noc(-c2cc3c(OC)ccc(OC)c3s2)n1,0
CHEMBL4098285,CCc1noc(-c2ccc3sc4ccccc4c(=O)c3c2)n1,0
CHEMBL4759457,COc1cccc(Cn2cc(C(=O)N3CCN(S(=O)(=O)c4ccccc4)CC3)nn2)c1,0
CHEMBL4104457,CC(=O)/C=C/c1cc2c(s1)C(=O)c1ccccc1C2=O,0
CHEMBL4800070,COc1cccc(Cn2cc(C(=O)N3CCN(S(=O)(=O)c4ccc(C(C)(C)C)cc4)CC3)nn2)c1,0
CHEMBL4456946,O=Cc1c(O)ccc2oc(-c3ccco3)nc12,0
CHEMBL4787581,COc1ccc(S(=O)(=O)N2CCN(C(=O)c3cn(Cc4cccc(OC)c4)nn3)CC2)cc1,0
CHEMBL4100731,CCc1noc(-c2cc(C(C)=O)cs2)n1,0
CHEMBL4061113,CCc1noc(-c2cc3c(OC)c4ccccc4cc3s2)n1,0
CHEMBL4105543,CCc1nc(-c2ccc3c(c2)C(=O)c2ccccc2C3=O)no1,0
CHEMBL4168564,Cc1ccc(CSc2cc(Cl)c(C)cc2S(=O)(=O)/N=C(\N)n2nc(C)cc2-c2ccccc2)cc1,0
CHEMBL4078834,CCc1noc(-c2ccccc2)n1,0
CHEMBL4578835,CC(=O)c1c(O)ccc2oc(-c3ccccc3)nc12,0
CHEMBL4081774,CCc1noc(-c2cc3oc4ccccc4c(=O)c3s2)n1,0
CHEMBL4762393,O=C(c1cn(Cc2ccc(F)cc2)nn1)N1CCN(S(=O)(=O)c2ccccc2)CC1,0
CHEMBL4094314,O=C1c2ccccc2C(=O)c2sc(-c3nnn[nH]3)cc21,0
CHEMBL4083919,CCc1noc(C2=CC(=O)c3ccccc3C2=O)n1,0
CHEMBL4762236,COc1cccc(Cn2cc(C(=O)N3CCN(S(=O)(=O)c4ccc(Br)cc4)CC3)nn2)c1,0
CHEMBL4067075,CCc1noc(-c2cc3ccccc3s2)n1,0
CHEMBL4753243,COc1cccc(Cn2cc(C(=O)N3CCN(S(=O)(=O)c4ccc(Cl)cc4)CC3)nn2)c1,0
CHEMBL4786443,COc1ccc(S(=O)(=O)N2CCN(C(=O)c3cn(Cc4ccc(I)cc4)nn3)CC2)cc1,0
CHEMBL4080480,CCc1noc(-c2ccc3ccccc3c2)n1,0
CHEMBL4103110,CCc1noc(-c2cccs2)n1,0
CHEMBL4779804,COc1ccc(S(=O)(=O)N2CCN(C(=O)c3cn(Cc4ccc(F)cc4)nn3)CC2)cc1,0
CHEMBL4750350,O=C(c1cn(Cc2ccc(F)cc2)nn1)N1CCN(S(=O)(=O)c2ccc(Cl)cc2)CC1,0
CHEMBL4781556,O=C(c1cn(Cc2ccc(F)cc2)nn1)N1CCN(S(=O)(=O)c2ccc(Br)cc2)CC1,0
CHEMBL4104713,CCc1noc(-c2ccc3c(c2)C(=O)c2ccccc2C3=O)n1,0
CHEMBL4752115,O=C(c1cn(Cc2ccc(I)cc2)nn1)N1CCN(S(=O)(=O)c2ccccc2)CC1,0
CHEMBL4069014,O=C1c2ccccc2C(=O)c2sc(-c3nnc(-c4ccccc4)o3)cc21,0
CHEMBL4089280,CCc1noc(-c2cc3cc4ccccc4cc3s2)n1,0
CHEMBL3806129,COc1ccc(N/C=C\C(=O)c2cn(-c3ccccc3)nc2-c2ccc(Cl)cc2)cc1,0
CHEMBL4083697,NS(=O)(=O)c1cc(-c2nnc(/C=C/c3ccc(Br)cc3)o2)c(Cl)cc1SCc1ccccc1,0
CHEMBL4090323,Fc1ccc(-c2nnc(Cc3nc4ccccc4[nH]3)o2)cc1,0
CHEMBL4091284,Clc1ccc2nc(Cc3nnc(Cc4ccccc4)o3)[nH]c2c1,0
CHEMBL3806062,COc1cc(N/C=C\C(=O)c2cn(-c3ccccc3)nc2-c2ccc(F)cc2)cc(OC)c1OC,0
CHEMBL3805637,O=C(/C=C\Nc1ccc(F)cc1)c1cn(-c2ccccc2)nc1-c1ccccc1,0
CHEMBL3805926,COc1ccc(-c2nn(-c3ccccc3)cc2C(=O)/C=C\Nc2ccc(O)cc2)cc1,0
CHEMBL3805521,COc1cc(N/C=C\C(=O)c2cn(-c3ccccc3)nc2-c2ccccc2)cc(OC)c1OC,0
CHEMBL4278792,CC(=O)N[C@H]1[C@H](O[C@H]2CC[C@]3(C)[C@H]4CC=C5[C@@H]6CC(C)(C)CC[C@]6(C(=O)OCc6cn(-c7cccc(C(C)=O)c7)nn6)CC[C@@]5(C)[C@]4(C)CC[C@H]3C2(C)C)O[C@H](CO[C@@H]2OC[C@H](O)[C@H](O)[C@@H]2O)[C@@H](O)[C@@H]1O,0
CHEMBL3613520,FC(F)(F)c1ccc2[nH]c(-c3cn(-c4ccccc4)nc3-c3ccccc3)nc2c1,0
CHEMBL464645,CC1=CCC[C@H]2[C@](C)(CC3=CC(=O)C=CC3=O)[C@@H](C)CC[C@]12C,0
CHEMBL4129304,C/C(C#Cc1ccccc1)=N\N/C(N)=N/S(=O)(=O)c1cc(C)c(Cl)cc1SCc1ccccc1,0
CHEMBL4289758,CC(=O)N[C@H]1[C@H](O[C@H]2CC[C@]3(C)[C@H]4CC=C5[C@@H]6CC(C)(C)CC[C@]6(C(=O)OCc6cn(-c7cccc(Br)c7)nn6)CC[C@@]5(C)[C@]4(C)CC[C@H]3C2(C)C)O[C@H](CO[C@@H]2OC[C@H](O)[C@H](O)[C@@H]2O)[C@@H](O)[C@@H]1O,0
CHEMBL4175361,Cc1cc(-c2ccccc2)n(/C(N)=N/S(=O)(=O)c2cc(C)c(Cl)cc2SCc2cccc(C(F)(F)F)c2)n1,0
CHEMBL4203226,COC1OC(=O)C(Cl)=C1Nc1ccc(-c2ccccc2)cc1,0
CHEMBL3613539,FC(F)(F)c1ccc2[nH]c(-c3cn(-c4ccccc4)nc3-c3ccc(Cl)cc3)nc2c1,0
CHEMBL4204988,CCOC1OC(=O)C(Cl)=C1Nc1ccc(-c2ccc(N)cc2)cc1,0
CHEMBL3805856,O=C(/C=C\Nc1ccc(O)cc1)c1cn(-c2ccccc2)nc1-c1ccccc1,0
CHEMBL3613532,Fc1ccc(-c2nn(-c3ccccc3)cc2-c2nc3cc(Cl)c(Cl)cc3[nH]2)cc1,0
CHEMBL4860238,Cc1ccc(/N=N/N(C)C(=O)CCc2ccc(O)cc2)cc1,0
CHEMBL2012333,CC(C(=O)NNC(=O)NCc1ccccc1)c1cccc(Oc2ccccc2)c1,0
CHEMBL3805490,COc1cc(N/C=C\C(=O)c2cn(-c3ccccc3)nc2-c2ccc(Cl)cc2)cc(OC)c1OC,0
CHEMBL1824860,C[C@@]12CO[C@H](c3ccc(O)cc3)O[C@@H]1CC[C@@]1(C)[C@H]2CC[C@H]2C[C@@H]3C[C@@]21CC[C@]3(O)CO,0
CHEMBL3805548,COc1ccc(N/C=C\C(=O)c2cn(-c3ccccc3)nc2-c2cc(OC)c(OC)c(OC)c2)cc1,0
CHEMBL3613515,Fc1ccc2[nH]c(-c3cn(-c4ccccc4)nc3-c3ccccc3)nc2c1,0
CHEMBL3806086,O=C(/C=C\Nc1ccc(C(F)(F)F)cc1)c1cn(-c2ccccc2)nc1-c1ccc(F)cc1,0
CHEMBL3805015,COc1ccc(N/C=C\C(=O)c2cn(-c3ccccc3)nc2-c2ccccc2)cc1,0
CHEMBL3613516,Clc1ccc2[nH]c(-c3cn(-c4ccccc4)nc3-c3ccccc3)nc2c1,0
CHEMBL3805024,COc1ccc(-c2nn(-c3ccccc3)cc2C(=O)/C=C\Nc2cc(OC)c(OC)c(OC)c2)cc1,0
CHEMBL3613550,COc1ccc(-c2nn(-c3ccccc3)cc2-c2nc3cc(C)ccc3[nH]2)cc1,0
CHEMBL3613547,COc1ccc(-c2nn(-c3ccccc3)cc2-c2nc3cc(Br)ccc3[nH]2)cc1,0
CHEMBL3613531,Cc1cc2nc(-c3cn(-c4ccccc4)nc3-c3ccc(F)cc3)[nH]c2cc1C,0
CHEMBL3613545,COc1ccc(-c2nn(-c3ccccc3)cc2-c2nc3cc(F)ccc3[nH]2)cc1,0
CHEMBL3613540,Cc1ccc2[nH]c(-c3cn(-c4ccccc4)nc3-c3ccc(Cl)cc3)nc2c1,0
CHEMBL4129179,Cc1ccc(CSc2cc(Cl)c(C)cc2S(=O)(=O)/N=C(\N)N/N=C/C#Cc2ccccc2)cc1,0
CHEMBL3613552,COc1ccc(-c2nn(-c3ccccc3)cc2-c2nc3cc(Cl)c(Cl)cc3[nH]2)cc1,0
CHEMBL3613544,COc1ccc(-c2nn(-c3ccccc3)cc2-c2nc3ccccc3[nH]2)cc1,0
CHEMBL3613523,O=C(OCc1ccccc1)c1ccc2[nH]c(-c3cn(-c4ccccc4)nc3-c3ccccc3)nc2c1,0
CHEMBL3613541,Cc1cc2nc(-c3cn(-c4ccccc4)nc3-c3ccc(Cl)cc3)[nH]c2cc1C,0
CHEMBL2012336,CC(C(=O)NNC(=O)NC1CCCC1)c1cccc(Cc2ccccc2)c1,0
CHEMBL3613542,Clc1ccc(-c2nn(-c3ccccc3)cc2-c2nc3cc(Cl)c(Cl)cc3[nH]2)cc1,0
CHEMBL3613526,Fc1ccc(-c2nn(-c3ccccc3)cc2-c2nc3cc(Cl)ccc3[nH]2)cc1,0
CHEMBL3774443,CC(C)c1ccc(/C=C/C(=O)N[C@H]2[C@H](O[C@H]3CC[C@]4(C)[C@H]5CC=C6[C@@H]7CC(C)(C)CC[C@]7(C(=O)O)CC[C@@]6(C)[C@]5(C)CC[C@H]4C3(C)C)O[C@H](CO[C@@H]3OC[C@H](O)[C@H](O)[C@H]3O)[C@@H](O)[C@@H]2O)cc1,0
CHEMBL3805375,O=C(/C=C\Nc1ccc(F)cc1)c1cn(-c2ccccc2)nc1-c1ccc(F)cc1,0
CHEMBL3613534,Clc1ccc(-c2nn(-c3ccccc3)cc2-c2nc3ccccc3[nH]2)cc1,0
CHEMBL3613533,O=C(OCc1ccccc1)c1ccc2[nH]c(-c3cn(-c4ccccc4)nc3-c3ccc(F)cc3)nc2c1,0
CHEMBL3805747,O=C(/C=C\Nc1ccc(C(F)(F)F)cc1)c1cn(-c2ccccc2)nc1-c1ccc(Cl)cc1,0
CHEMBL3806070,COc1ccc(-c2nn(-c3ccccc3)cc2C(=O)/C=C\Nc2ccc(C(F)(F)F)cc2)cc1,0
CHEMBL3806084,COc1cc(-c2nn(-c3ccccc3)cc2C(=O)/C=C\Nc2ccc(C(F)(F)F)cc2)cc(OC)c1OC,0
CHEMBL3613546,COc1ccc(-c2nn(-c3ccccc3)cc2-c2nc3cc(Cl)ccc3[nH]2)cc1,0
CHEMBL3613538,COc1ccc2[nH]c(-c3cn(-c4ccccc4)nc3-c3ccc(Cl)cc3)nc2c1,0
CHEMBL3613521,Cc1cc2nc(-c3cn(-c4ccccc4)nc3-c3ccccc3)[nH]c2cc1C,0
CHEMBL3613549,COc1ccc(-c2nn(-c3ccccc3)cc2-c2nc3cc(C(F)(F)F)ccc3[nH]2)cc1,0
CHEMBL3613529,Cc1ccc2[nH]c(-c3cn(-c4ccccc4)nc3-c3ccc(F)cc3)nc2c1,0
CHEMBL3613524,Fc1ccc(-c2nn(-c3ccccc3)cc2-c2nc3ccccc3[nH]2)cc1,0
CHEMBL3613530,Fc1ccc(-c2nn(-c3ccccc3)cc2-c2nc3cc(C(F)(F)F)ccc3[nH]2)cc1,0
CHEMBL3805449,O=C(/C=C\Nc1ccc(F)cc1)c1cn(-c2ccccc2)nc1-c1ccc(Cl)cc1,0
CHEMBL3613536,Clc1ccc(-c2nn(-c3ccccc3)cc2-c2nc3cc(Cl)ccc3[nH]2)cc1,0
CHEMBL3613518,Cc1ccc2[nH]c(-c3cn(-c4ccccc4)nc3-c3ccccc3)nc2c1,0
CHEMBL3613537,Clc1ccc(-c2nn(-c3ccccc3)cc2-c2nc3cc(Br)ccc3[nH]2)cc1,0
CHEMBL3613525,Fc1ccc(-c2nn(-c3ccccc3)cc2-c2nc3cc(F)ccc3[nH]2)cc1,0
CHEMBL4207871,CCOC1OC(=O)C(Cl)=C1Nc1ccc(-c2ccccc2)cc1,0
CHEMBL3613514,c1ccc(-c2nn(-c3ccccc3)cc2-c2nc3ccccc3[nH]2)cc1,0
CHEMBL3613528,COc1ccc2[nH]c(-c3cn(-c4ccccc4)nc3-c3ccc(F)cc3)nc2c1,0
CHEMBL3805309,COc1ccc(N/C=C\C(=O)c2cn(-c3ccccc3)nc2-c2ccc(OC)cc2)cc1,0
CHEMBL3613553,COc1ccc(-c2nn(-c3ccccc3)cc2-c2nc3cc(C(=O)OCc4ccccc4)ccc3[nH]2)cc1,0
CHEMBL3613548,COc1ccc(-c2nn(-c3ccccc3)cc2-c2nc3cc(OC)ccc3[nH]2)cc1,0
CHEMBL1380054,O=Cc1cn(-c2ccccc2)nc1-c1ccccc1,0
CHEMBL1580883,COc1ccc(-c2nn(-c3ccccc3)cc2C=O)cc1,0
CHEMBL3613535,Fc1ccc2[nH]c(-c3cn(-c4ccccc4)nc3-c3ccc(Cl)cc3)nc2c1,0
CHEMBL1404267,O=Cc1cn(-c2ccccc2)nc1-c1ccc(F)cc1,0
CHEMBL2397430,O=Cc1cn(-c2ccccc2)nc1-c1ccc(Cl)cc1,0
CHEMBL3805384,O=C(/C=C\Nc1ccc(C(F)(F)F)cc1)c1cn(-c2ccccc2)nc1-c1ccccc1,0
CHEMBL3613519,COc1ccc2[nH]c(-c3cn(-c4ccccc4)nc3-c3ccccc3)nc2c1,0
CHEMBL3613543,O=C(OCc1ccccc1)c1ccc2[nH]c(-c3cn(-c4ccccc4)nc3-c3ccc(Cl)cc3)nc2c1,0
CHEMBL3613517,Brc1ccc2[nH]c(-c3cn(-c4ccccc4)nc3-c3ccccc3)nc2c1,0
CHEMBL4214878,CCOC1OC(=O)C(Br)=C1Nc1ccc(-c2ccccc2)cc1,0
CHEMBL2012325,CC(C)Cc1ccc(C(C)C(=O)NNC(=O)NC2CCCCC2)cc1,0
CHEMBL1824861,CC(=O)OC[C@@]1(O)CC[C@]23C[C@H]1C[C@@H]2CC[C@H]1[C@]2(C)CO[C@H](c4ccc(O)cc4)O[C@@H]2CC[C@@]13C,0
CHEMBL4065301,COc1cccc(-c2nnc(Cc3nc4ccccc4[nH]3)o2)c1OC,0
CHEMBL4094647,Nc1ccc(O)c(-c2nnc(Cc3nc4ccccc4[nH]3)o2)c1,0
CHEMBL4068254,c1ccc(-c2nnc(Cc3nc4ccccc4[nH]3)o2)cc1,0
CHEMBL4529587,CCOC(=O)c1ccc(/N=N/NC)cc1,0
CHEMBL4847030,CN/N=N/c1ccc(Br)cc1,0
CHEMBL124105,CN=NNc1ccc(C#N)cc1,0
CHEMBL4166829,Fc1ccc(-n2nnnc2Nc2nccs2)cc1Cl,0
CHEMBL4087921,c1ccc(OCc2nnc(Cc3nc4ccccc4[nH]3)o2)cc1,0
CHEMBL4164338,N/C(=N\S(=O)(=O)c1ccccc1SCc1cccc2ccccc12)NNc1nc(Cl)nc(Nc2ccc(S(N)(=O)=O)cc2)n1,0
CHEMBL4165414,Fc1ccc(-n2nnnc2Nn2cnnc2)cc1Cl,0
CHEMBL4171136,O=[N+]([O-])c1ccc(-n2nnnc2Nn2cnnc2)cc1,0
CHEMBL4074782,Cc1ccccc1-c1nnc(Cc2nc3ccccc3[nH]2)o1,0
CHEMBL4102214,c1ccc(C(c2ccccc2)c2nnc(Cc3nc4ccccc4[nH]3)o2)cc1,0
CHEMBL4542630,C/C=C/C(=O)N1CCN(c2cc3c(cc2F)c(=O)c(C(=O)O)cn3C2CC2)CC1,0
CHEMBL4177442,Brc1ccc(-n2nnnc2Nn2cnnc2)cc1,0
CHEMBL4059610,Oc1ccc(-c2nnc(Cc3nc4ccccc4[nH]3)o2)cc1,0
CHEMBL4073285,O=C(O)c1ccccc1-c1nnc(Cc2nc3ccccc3[nH]2)o1,0
CHEMBL4086731,Cc1ccc(-c2nnc(Cc3nc4ccccc4[nH]3)o2)cc1,0
CHEMBL4211408,COC1OC(=O)C(Br)=C1Nc1ccc(-c2ccccc2)cc1,0
CHEMBL4212222,COC1OC(=O)C(Br)=C1Nc1ccc(-c2ccc(N)cc2)cc1,0
CHEMBL4087489,C1=CC2=C(Cc3nnc(Cc4nc5ccccc5[nH]4)o3)CNC2C=C1,0
CHEMBL4216665,CCOC1OC(=O)C(Br)=C1Nc1ccc(-c2ccc(N)cc2)cc1,0
CHEMBL4068814,CC(=O)c1ccccc1-c1nnc(Cc2nc3ccccc3[nH]2)o1,0
CHEMBL4061581,CN(/N=N/c1ccc(Br)cc1)C(=O)CCCCc1ccc(O)cc1,0
CHEMBL4084342,CN(/N=N/c1ccc(C#N)cc1)C(=O)CCCCc1ccc(O)cc1,0
CHEMBL4074020,CC(=O)c1ccc(/N=N/N(C)C(=O)CCc2ccc(O)cc2)cc1,0
CHEMBL4102303,COC(=O)c1ccc(/N=N/N(C)C(=O)CCCCc2ccc(O)cc2)cc1,0
CHEMBL4076967,CN(/N=N/c1ccc(C#N)cc1)C(=O)CCc1ccc(O)cc1,0
CHEMBL4102942,Clc1ccc(-c2nnc(Cc3nc4ccc(Cl)cc4[nH]3)o2)c(Cl)c1,0
CHEMBL3823387,CCNC1=CC(=O)C(C(C)(C)C)=CC1=O,0
CHEMBL4095623,c1ccc(Cc2nnc(Cc3nc4ccccc4[nH]3)o2)cc1,0
CHEMBL4094566,CN(/N=N/c1ccc(C(N)=O)cc1)C(=O)CCc1ccc(O)cc1,0
CHEMBL4867517,CN(/N=N/c1ccc(Cl)cc1)C(=O)CCc1ccc(O)cc1,0
CHEMBL4092099,CN(/N=N/c1ccc(C(N)=O)cc1)C(=O)CCCCc1ccc(O)cc1,0
CHEMBL4081962,CN(/N=N/c1ccc(C#N)cc1)C(=O)CCc1cccc(O)c1,0
CHEMBL4099967,COC(=O)c1ccc(/N=N/N(C)C(=O)CCc2cccc(O)c2)cc1,0
CHEMBL4063374,COC(=O)c1ccc(/N=N/N(C)C(=O)CCc2ccc(O)cc2)cc1,0
CHEMBL4174731,FC(F)(F)c1ccc(-n2nnnc2Nc2nccs2)cc1,0
CHEMBL3398105,Nc1nc2c(ncn2C(=O)CCC(=O)OC[C@H]2O[C@H](O[C@H]3O[C@H](CO)[C@@H](O)[C@H](O)[C@H]3O)[C@H](O)[C@@H](O)[C@@H]2O)c(=O)[nH]1,0
CHEMBL4167345,Cc1ccc(-n2nnnc2NCc2ccco2)cc1Cl,0
CHEMBL4173641,Fc1ccc(-n2nnnc2Nn2cnnc2)cc1,0
CHEMBL4063427,Clc1ccc2nc(Cc3nnc(-c4ccccc4)o3)[nH]c2c1,0
CHEMBL4175527,Fc1ccc(-n2nnnc2NCc2ccco2)cc1Cl,0
CHEMBL4212774,CC(=O)OC1OC(=O)C(Br)=C1Nc1ccc(-c2ccccc2)cc1,0
CHEMBL2252966,CC(C)(C)C1=CC(=O)C=CC1=O,0
CHEMBL4793209,COc1ccc(Nc2nnnn2-c2ccccc2Cl)cc1,0
CHEMBL3823454,CCCCNC1=CC(=O)C(C(C)(C)C)=CC1=O,0
CHEMBL3824238,CCCCNC1=CC(=O)C(C[C@]2(C)[C@@H](C)CC[C@]3(C)C(C)=CCC[C@@H]23)=CC1=O,0
CHEMBL4074726,c1ccc(-c2nnc(Cc3nc4ccccc4[nH]3)o2)nc1,0
CHEMBL1824863,COc1cc(=O)oc2c1[C@H](O[C@@H]1O[C@@H](C)[C@@H](C)c3oc(=O)cc(OC)c31)O[C@@H](C)[C@H]2C,0
CHEMBL4204485,CC(=O)OC1OC(=O)C(Br)=C1Nc1ccc(-c2ccc(N)cc2)cc1,0
CHEMBL3398104,COCCOCCOCCn1cnc2c(=O)[nH]c(N)nc21,0
CHEMBL3822489,CC1=CCC[C@H]2[C@](C)(CC3=CC(=O)C(NCCc4ccccc4)=CC3=O)[C@@H](C)CC[C@]12C,0
CHEMBL4217203,COC1OC(=O)C(Cl)=C1Nc1ccc(-c2ccc(N)cc2)cc1,0
CHEMBL4067412,CC(=O)c1ccc(/N=N/N(C)C(=O)CCCCc2ccc(O)cc2)cc1,0
CHEMBL1824864,COc1cc(=O)oc2c1[C@H](O[C@@H]1O[C@@H](C)[C@@H](C)c3oc(=O)cc(OC)c31)O[C@@H](C)[C@@H]2C,0
CHEMBL503357,O=C(CCl)Nc1cn(COC(CO)CO)c(=O)[nH]c1=O,0
CHEMBL4095195,Cc1ccccc1Cc1nnc(Cc2nc3ccccc3[nH]2)o1,0
CHEMBL4075892,c1csc(-c2nnc(Cc3nc4ccccc4[nH]3)o2)c1,0
CHEMBL1824865,COc1cc(=O)oc2c1[C@H](O[C@@H]1O[C@@H](C)[C@H](C)c3oc(=O)cc(OC)c31)O[C@@H](C)[C@@H]2C,0
CHEMBL4061912,c1coc(-c2nnc(Cc3nc4ccccc4[nH]3)o2)c1,0
CHEMBL4067556,N#CCc1nnc(Cc2nc3ccccc3[nH]2)o1,0
CHEMBL1824862,COc1cc(=O)oc2c1[C@H](O)O[C@@H](C)[C@H]2C,0
CHEMBL4083305,c1cncc(-c2nnc(Cc3nc4ccccc4[nH]3)o2)c1,0
CHEMBL451477,O=C(CCl)Nc1c[nH]c(=O)[nH]c1=O,0
CHEMBL3822910,CC(C)(C)C1=CC(=O)C(NCCc2ccccc2)=CC1=O,0
CHEMBL3822542,CCCCCCCCNC1=CC(=O)C(C[C@]2(C)[C@@H](C)CC[C@]3(C)C(C)=CCC[C@@H]23)=CC1=O,0
CHEMBL4102507,COc1ccc(Cn2nnc(-c3cc([N+](=O)[O-])cc([N+](=O)[O-])c3)n2)cc1,0
CHEMBL4845716,CCOC(=O)c1ccc(/N=N/N(C)C(=O)NCCSc2ccc(O)cc2)cc1,0
CHEMBL4468581,CN(C)CCCn1cnc2c1ncn1c(NC(C)(C)C)c(-c3ccc(Cl)cc3)nc21,0
CHEMBL3633646,O=C(CC1c2cccc(O)c2C(=O)c2c(O)cccc21)NCCc1ccc(O)c(O)c1,0
CHEMBL3823823,CCCCCCCCNC1=CC(=O)C(C(C)(C)C)=CC1=O,0
CHEMBL4470488,CC(C)=CCC/C(C)=C/C(=O)N1CCN(c2cc3c(cc2F)c(=O)c(C(=O)O)cn3C2CC2)CC1,0
CHEMBL4746379,COc1ccc(Nc2nnnn2-c2cccc(Cl)c2)cc1,0
CHEMBL4790859,COc1ccc(Nc2nnnn2-c2ccc(Br)cc2)cc1,0
CHEMBL4742981,COc1ccc(Nc2nnnn2-c2ccc(Cl)cc2)cc1,0
CHEMBL4791836,COc1ccc(Nc2nnnn2-c2ccc(F)cc2)cc1,0
CHEMBL4794796,COc1ccc(Nc2nnnn2-c2cccc(F)c2)cc1,0
CHEMBL4129694,C/C(C#Cc1ccccc1)=N\N/C(N)=N/S(=O)(=O)c1cc(C)c(Cl)cc1SCc1cccc(C(F)(F)F)c1,0
CHEMBL4172662,Cc1cc(S(=O)(=O)/N=C(\N)n2nccc2-c2ccccc2)c(SCc2cc3c(cc2Cl)OCO3)cc1Cl,0
CHEMBL4762598,COc1ccc(Nc2nnnn2-c2ccccc2Br)cc1,0
CHEMBL4777509,COc1ccc(Nc2nnnn2-c2cccc(Br)c2)cc1,0
CHEMBL4466323,C/C=C/C=C/C(=O)N1CCN(c2cc3c(cc2F)c(=O)c(C(=O)O)cn3C2CC2)CC1,0
CHEMBL4089643,NS(=O)(=O)c1cc(-c2nnc(CN3CCN(c4ccc(F)cc4)CC3)o2)c(Cl)cc1SCc1ccccc1,0
CHEMBL4744821,COc1ccc(-n2nnnc2Nc2ccccc2F)cc1,0
CHEMBL4079184,NS(=O)(=O)c1cc(-c2nnc(CN3CCN(c4ccc(Cl)cc4)CC3)o2)c(Cl)cc1SCc1ccccc1,0
CHEMBL4128466,C/C(C#Cc1ccccc1)=N\N/C(N)=N/S(=O)(=O)c1cc(C)c(Cl)cc1SCc1ccc(C(F)(F)F)cc1,0
CHEMBL4760497,COc1ccc(Nc2nnnn2-c2ccccc2F)cc1,0
CHEMBL4747525,COc1ccc(-n2nnnc2Nc2cccc(F)c2)cc1,0
CHEMBL1159894,NCCSc1ccc(O)cc1,0
CHEMBL575171,CCCCCCCCCCCCCCCC(=O)N1CCN(c2cc3c(cc2F)c(=O)c(C(=O)O)cn3C2CC2)CC1,0
CHEMBL122880,CN=NNc1ccc(C(C)=O)cc1,0
CHEMBL4870995,Cc1ccc(/N=N/N(C)C(=O)NCCSc2ccc(O)cc2)cc1,0
CHEMBL4475592,CCCCCCCC/C=C\CCCCCCCC(=O)N1CCN(c2cc3c(cc2F)c(=O)c(C(=O)O)cn3C2CC2)CC1,0
CHEMBL4789203,COc1ccc(-n2nnnc2Nc2ccc(Br)cc2)cc1,0
CHEMBL4751750,COc1ccc(-n2nnnc2Nc2ccccc2Cl)cc1,0
CHEMBL4755279,COc1ccc(-n2nnnc2Nc2cccc(Br)c2)cc1,0
CHEMBL4744186,COc1ccc(-n2nnnc2Nc2ccccc2Br)cc1,0
CHEMBL4751656,COc1ccc(-n2nnnc2Nc2cccc(Cl)c2)cc1,0
CHEMBL4516379,CCCCCCCC/C=C/CCCCCCCC(=O)N1CCN(c2cc3c(cc2F)c(=O)c(C(=O)O)cn3C2CC2)CC1,0
CHEMBL3220081,Nc1nc(=O)n([C@H]2C[C@H](O)[C@@H](CO)O2)cc1C(F)(F)F,0
CHEMBL4755548,COc1ccc(-n2nnnc2Nc2ccc(Cl)cc2)cc1,0
CHEMBL4125990,Cc1cc(S(=O)(=O)/N=C(\N)N/N=C/C#Cc2ccccc2)c(SCc2ccccc2)cc1Cl,0
CHEMBL4850739,CN(/N=N/c1ccc(Br)cc1)C(=O)NCCSc1ccc(O)cc1,0
CHEMBL4072959,Cc1ccc(/N=N/N(C)C(=O)CCCCc2ccc(O)cc2)cc1,0
CHEMBL4850897,CC(=O)c1ccc(/N=N/N(C)C(=O)NCCSc2ccc(O)cc2)cc1,0
CHEMBL4465959,COc1ccc(/C=C2\NC(=O)N(CCCCN3CCN(c4ccccc4OC)CC3)C2=O)cc1OC1CCCC1,0
CHEMBL4064379,CCOC(=O)c1ccc(/N=N/N(C)C(=O)CCCCc2ccc(O)cc2)cc1,0
CHEMBL4870268,CN(/N=N/c1ccc(C#N)cc1)C(=O)NCCSc1ccc(O)cc1,0
CHEMBL4447873,CCCCCCCC/C=C\CCCCCCCCCCCC(=O)N1CCN(c2cc3c(cc2F)c(=O)c(C(=O)O)cn3C2CC2)CC1,0
CHEMBL4125988,C/C(C#Cc1ccccc1)=N\N/C(N)=N/S(=O)(=O)c1cc(C)c(Cl)cc1SCc1cccc(Cl)c1,0
CHEMBL4760695,COc1ccc(-n2nnnc2Nc2ccc(F)cc2)cc1,0
CHEMBL4100139,NS(=O)(=O)c1cc(-c2nnc(/C=C/c3c(Cl)cccc3Cl)o2)c(Cl)cc1SCc1ccccc1,0
CHEMBL3220084,O=c1[nH]cnc2c1nc(C(F)(F)F)n2[C@@H]1O[C@H](CO)[C@@H](O)[C@H]1O,0
CHEMBL3220083,Nc1nc2c(nc(C(F)(F)F)n2[C@H]2C[C@H](O)[C@@H](CO)O2)c(=O)[nH]1,0
CHEMBL3220082,Nc1ncnc2c1nc(C(F)(F)F)n2[C@H]1C[C@H](O)[C@@H](CO)O1,0
CHEMBL4445064,CC/C=C\C/C=C\C/C=C\C/C=C\C/C=C\C/C=C\CCC(=O)N1CCN(c2cc3c(cc2F)c(=O)c(C(=O)O)cn3C2CC2)CC1,0
CHEMBL449329,Nc1ncnc2c1ncn2[C@H]1C[C@H](O)[C@@H](CO)O1,0
CHEMBL1556,O=c1[nH]cnc2c1ncn2[C@@H]1O[C@H](CO)[C@@H](O)[C@H]1O,0
CHEMBL66115,Nc1ccn([C@H]2C[C@H](O)[C@@H](CO)O2)c(=O)n1,0
CHEMBL68908,Nc1nc(O)c2ncn([C@H]3C[C@H](O)[C@@H](CO)O3)c2n1,0
CHEMBL4127782,C/C(C#Cc1ccccc1)=N\N/C(N)=N/S(=O)(=O)c1cc(C)c(Cl)cc1SCc1ccc(C)cc1,0
CHEMBL4549879,CC/C=C\C/C=C\C/C=C\CCCCCCCC(=O)N1CCN(c2cc3c(cc2F)c(=O)c(C(=O)O)cn3C2CC2)CC1,0
CHEMBL4591601,COc1ccc(/C=C2\NC(=O)N(CCCCN3CCN(c4cccc(Cl)c4Cl)CC3)C2=O)cc1OC,0
CHEMBL4067470,NS(=O)(=O)c1cc(-c2nnc(Cn3cc(-c4ccccc4)nn3)o2)c(Cl)cc1SCc1ccccc1,0
CHEMBL146816,COC(=O)/C=C/c1ccc(O)cc1,0
CHEMBL4127231,C/C(C#Cc1ccccc1)=N\N/C(N)=N/S(=O)(=O)c1cc(C)c(Cl)cc1SCc1ccccc1Cl,0
